Time (Unix),CPS,CPM
1636509575,0.3,18
1636509585,0.4166666666666667,25
1636509595,0.5833333333333334,35
1636509605,0.36666666666666664,22
1636509615,0.4166666666666667,25
