Time (Unix),Temperatures(Celsius),Pressure(Hectopascals),Humidity,Air Quality,pm1,pm2.5,pm10
1630747966,21.9134765625,1006.5424836903974,52.24452517109614,,0,0,2
1630747967,21.9185546875,1006.5461650301897,51.98697700896102,,0,0,2
1630747968,21.9236328125,1006.5510334007529,51.964341694963224,,0,0,2
1630747969,21.9236328125,1006.5283143431265,51.88975823743552,,0,0,2
1630747970,21.9236328125,1006.5410788453717,51.97020407321306,,0,0,2
1630747971,21.9236328125,1006.5384863463861,52.02174505268121,,1,256,3
